1427764279054,1427764939054,"Actrivity 1"
1427785867476,1427786347476,"Actrivity 1"
1427786347476,1427786367476,"Actrivity 1"
1427786367476,1427786457476,"Actrivity 1"
1427880735449,1427880905449,"Actrivity 1"
1427880905449,1427881015449,"Actrivity 1"
1427881015449,1427881165449,"Actrivity 1"
1427881165449,1427881305449,"Actrivity 1"
1427881305449,1427881345449,"Actrivity 1"
1427881345449,1427881395449,"Actrivity 1"
1427881395449,1427881455449,"Actrivity 1"
1427881455449,1427881585449,"Actrivity 1"
1427881585449,1427881715449,"Actrivity 1"
1427881715449,1427881755449,"Actrivity 1"
1427881755449,1427881785449,"Actrivity 1"
1427881785449,1427881965449,"Actrivity 1"
1427881965449,1427882075449,"Actrivity 1"
1427882075449,1427882255449,"Actrivity 1"
1427882255449,1427882355449,"Actrivity 1"
1427882355449,1427882545449,"Actrivity 1"
1427882545449,1427882625449,"Actrivity 1"
1427882625449,1427882795449,"Actrivity 1"
1427882795449,1427882885449,"Actrivity 1"
1427882885449,1427883125449,"Actrivity 1"
1427883125449,1427883195449,"Actrivity 1"
1427883195449,1427883215449,"Actrivity 1"
1427883215449,1427883385449,"Actrivity 1"
1427883385449,1427883495449,"Actrivity 1"
1427883495449,1427883685449,"Actrivity 1"
1427883685449,1427883785449,"Actrivity 1"
1427883785449,1427883945449,"Actrivity 1"
1427883945449,1427884045449,"Actrivity 1"
1427884045449,1427884285449,"Actrivity 1"
1427884285449,1427884305449,"Actrivity 1"
1427884305449,1427884575449,"Actrivity 1"
1427884575449,1427884605449,"Actrivity 1"
1427884605449,1427884885449,"Actrivity 1"
1427884885449,1427884905449,"Actrivity 1"
1427884905449,1427884925449,"Actrivity 1"
1427884925449,1427885205449,"Actrivity 1"
1427885205449,1427885355449,"Actrivity 1"
1427885355449,1427885425449,"Actrivity 1"
1427885425449,1427885445449,"Actrivity 1"
1427885445449,1427885605449,"Actrivity 1"
1427885605449,1427885705449,"Actrivity 1"
1427885705449,1427885965449,"Actrivity 1"
1427885965449,1427886205449,"Actrivity 1"
1427886205449,1427886235449,"Actrivity 1"
1427886235449,1427886385449,"Actrivity 1"
1427886385449,1427886475449,"Actrivity 1"
1427886475449,1427886515449,"Actrivity 1"
1427886515449,1427886805449,"Actrivity 1"
1427886805449,1427886845449,"Actrivity 1"
1427886845449,1427886955449,"Actrivity 1"
